fav_partners,project_prefs
"[107, 157, 216, 71, 41]","[1, 2, 1, 3, 3, 3, 2, 2, 2, 1, 2, 2, 0, 0, 3, 0, 1, 3, 2, 1, 0, 0, 3, 3, 2, 2, 2, 1, 3, 3]"
[113],"[2, 1, 3, 3, 2, 1, 2, 1, 3, 2, 1, 3, 1, 1, 0, 2, 0, 0, 0, 1, 2, 0, 1, 1, 2, 2, 2, 3, 0, 0]"
"[113, 186]","[0, 1, 1, 1, 2, 2, 1, 2, 2, 0, 0, 0, 0, 2, 1, 3, 3, 2, 2, 0, 2, 2, 0, 1, 3, 1, 3, 3, 2, 0]"
[120],"[3, 3, 1, 3, 0, 2, 1, 3, 1, 1, 1, 2, 3, 1, 3, 2, 2, 3, 2, 2, 2, 1, 0, 0, 1, 3, 1, 0, 3, 2]"
"[83, 260, 32, 298]","[3, 3, 2, 3, 1, 0, 2, 1, 2, 3, 1, 0, 0, 0, 1, 2, 2, 2, 1, 2, 0, 2, 3, 1, 1, 3, 3, 1, 1, 1]"
"[12, 167, 62, 235]","[1, 0, 3, 0, 0, 3, 0, 0, 0, 2, 2, 3, 2, 1, 1, 1, 0, 2, 0, 3, 1, 1, 2, 2, 3, 2, 3, 3, 2, 3]"
[212],"[3, 1, 2, 2, 0, 3, 0, 2, 0, 3, 1, 1, 1, 1, 3, 3, 1, 3, 2, 3, 0, 0, 1, 0, 3, 3, 1, 1, 3, 1]"
"[139, 159, 284]","[3, 2, 2, 2, 0, 1, 3, 0, 2, 2, 3, 1, 2, 0, 3, 0, 2, 0, 1, 0, 3, 1, 3, 0, 3, 0, 2, 2, 2, 1]"
[128],"[1, 0, 1, 1, 2, 2, 0, 1, 0, 1, 1, 3, 1, 2, 2, 1, 2, 1, 3, 3, 1, 1, 1, 1, 1, 2, 0, 3, 0, 0]"
"[4, 234, 241, 166]","[3, 3, 0, 3, 1, 0, 2, 0, 2, 3, 1, 0, 0, 0, 2, 2, 2, 2, 1, 2, 0, 2, 3, 1, 1, 3, 3, 1, 1, 1]"
"[177, 266]","[0, 3, 2, 2, 1, 0, 1, 3, 2, 1, 0, 3, 1, 2, 1, 0, 0, 1, 1, 1, 2, 0, 2, 1, 3, 2, 3, 0, 3, 1]"
[190],"[1, 1, 1, 2, 2, 0, 2, 0, 0, 1, 3, 3, 0, 1, 3, 2, 0, 3, 3, 3, 3, 1, 1, 1, 3, 0, 0, 2, 3, 2]"
"[5, 78]","[2, 1, 3, 2, 0, 1, 0, 0, 0, 2, 2, 3, 2, 1, 3, 1, 0, 2, 2, 3, 1, 1, 1, 2, 1, 2, 0, 3, 2, 3]"
"[48, 182]","[2, 1, 3, 2, 1, 0, 1, 3, 3, 0, 1, 1, 3, 3, 2, 2, 3, 2, 2, 1, 1, 3, 1, 3, 3, 1, 3, 3, 2, 1]"
"[31, 131, 274, 264, 156]","[1, 3, 1, 3, 3, 2, 1, 2, 0, 3, 2, 0, 1, 1, 2, 0, 1, 2, 2, 3, 2, 2, 2, 0, 2, 1, 3, 2, 2, 3]"
[209],"[0, 1, 3, 2, 0, 0, 0, 2, 3, 3, 1, 3, 3, 1, 2, 1, 0, 2, 1, 3, 2, 1, 3, 3, 1, 0, 0, 3, 1, 2]"
"[182, 204, 92, 184]","[3, 2, 1, 0, 2, 3, 2, 0, 0, 3, 1, 0, 1, 3, 2, 2, 0, 0, 1, 2, 0, 0, 3, 2, 2, 1, 2, 2, 2, 0]"
"[66, 36, 146, 251]","[3, 1, 0, 1, 2, 2, 0, 0, 0, 0, 1, 0, 1, 2, 0, 3, 1, 1, 3, 2, 3, 0, 0, 3, 3, 1, 1, 3, 0, 2]"
"[128, 110, 86, 250]","[0, 0, 2, 3, 1, 0, 2, 3, 2, 3, 3, 1, 3, 0, 1, 3, 0, 0, 0, 0, 1, 1, 2, 3, 1, 1, 3, 1, 2, 2]"
"[286, 47, 294, 143, 166]","[0, 2, 3, 0, 1, 0, 3, 1, 1, 2, 3, 3, 0, 3, 2, 1, 3, 2, 2, 1, 0, 3, 2, 0, 1, 1, 1, 3, 1, 1]"
[198],"[2, 3, 2, 3, 2, 2, 0, 3, 1, 3, 2, 0, 3, 0, 3, 2, 1, 2, 1, 0, 2, 3, 0, 1, 3, 0, 0, 1, 3, 2]"
[292],"[3, 1, 1, 1, 0, 1, 0, 3, 0, 0, 1, 2, 3, 0, 3, 2, 1, 1, 1, 3, 1, 2, 2, 1, 3, 3, 2, 2, 3, 1]"
"[102, 277, 275, 197]","[2, 2, 1, 3, 2, 0, 1, 0, 3, 0, 3, 3, 1, 1, 1, 0, 3, 2, 1, 3, 2, 1, 2, 3, 3, 1, 3, 0, 2, 0]"
"[64, 270]","[2, 1, 3, 0, 2, 1, 0, 1, 1, 1, 1, 2, 3, 0, 2, 1, 2, 2, 0, 3, 1, 2, 3, 0, 0, 3, 3, 2, 2, 0]"
[169],"[3, 0, 1, 0, 2, 1, 0, 0, 0, 0, 3, 2, 2, 2, 3, 3, 2, 3, 1, 3, 1, 1, 2, 1, 2, 1, 2, 2, 3, 1]"
"[13, 271, 21, 258]","[3, 3, 1, 1, 0, 1, 0, 3, 0, 0, 1, 1, 3, 3, 2, 3, 0, 2, 1, 3, 1, 2, 2, 0, 3, 3, 2, 2, 3, 1]"
"[29, 173, 43, 170, 159]","[2, 3, 0, 3, 0, 3, 1, 2, 0, 3, 2, 2, 3, 2, 0, 3, 0, 1, 3, 2, 0, 0, 2, 3, 1, 2, 2, 0, 0, 2]"
[138],"[0, 0, 3, 0, 0, 1, 1, 2, 0, 3, 3, 2, 2, 2, 1, 0, 1, 0, 3, 3, 1, 2, 3, 1, 3, 3, 0, 3, 0, 0]"
"[293, 209]","[3, 0, 3, 2, 0, 0, 3, 2, 0, 0, 2, 3, 1, 2, 2, 0, 0, 0, 1, 3, 3, 0, 3, 3, 3, 2, 1, 1, 0, 3]"
[131],"[3, 3, 3, 1, 2, 0, 3, 2, 3, 2, 0, 1, 2, 0, 0, 0, 0, 0, 1, 0, 1, 2, 3, 2, 3, 2, 1, 3, 1, 2]"
"[106, 65, 23, 243]","[2, 1, 1, 0, 2, 1, 0, 1, 1, 1, 1, 3, 3, 0, 2, 1, 2, 2, 0, 3, 1, 2, 2, 0, 1, 1, 3, 1, 2, 0]"
"[14, 185]","[1, 3, 1, 3, 3, 2, 1, 2, 0, 3, 2, 0, 1, 2, 2, 0, 3, 2, 2, 3, 2, 2, 1, 0, 2, 1, 3, 2, 2, 3]"
"[4, 131, 111, 177]","[3, 3, 2, 3, 2, 1, 2, 1, 2, 3, 1, 0, 0, 0, 2, 3, 2, 0, 3, 2, 0, 1, 3, 1, 2, 3, 1, 1, 1, 0]"
"[285, 104, 42]","[2, 0, 0, 2, 0, 1, 2, 2, 1, 3, 1, 3, 0, 1, 3, 3, 0, 3, 1, 3, 2, 3, 0, 2, 3, 1, 3, 1, 2, 0]"
[215],"[3, 2, 1, 0, 0, 1, 0, 0, 1, 1, 2, 0, 1, 2, 3, 1, 2, 1, 2, 0, 0, 0, 3, 0, 2, 0, 2, 0, 3, 3]"
"[267, 186, 140, 255, 24]","[3, 0, 1, 0, 3, 3, 0, 3, 1, 2, 3, 2, 2, 2, 3, 3, 3, 3, 1, 1, 1, 1, 2, 1, 2, 1, 1, 3, 3, 1]"
"[17, 19, 114, 139]","[0, 0, 0, 0, 2, 2, 3, 1, 0, 2, 3, 0, 0, 2, 3, 1, 1, 2, 2, 2, 3, 3, 2, 0, 2, 1, 1, 3, 1, 2]"
"[217, 69, 60, 151]","[2, 1, 3, 3, 3, 1, 0, 3, 2, 2, 0, 2, 1, 1, 3, 2, 3, 0, 1, 2, 0, 0, 1, 3, 1, 0, 2, 2, 2, 3]"
"[230, 135, 143, 164, 210]","[1, 1, 1, 1, 0, 3, 3, 1, 0, 3, 1, 0, 0, 0, 2, 1, 1, 3, 2, 0, 0, 2, 0, 3, 1, 0, 1, 3, 2, 1]"
"[49, 95, 73, 199, 56]","[2, 2, 3, 1, 1, 1, 0, 3, 3, 1, 0, 2, 1, 2, 1, 3, 1, 3, 1, 0, 0, 0, 0, 0, 2, 0, 1, 0, 2, 3]"
[113],"[2, 3, 0, 3, 3, 0, 3, 0, 2, 3, 2, 0, 3, 2, 0, 0, 1, 2, 3, 3, 2, 0, 0, 2, 3, 3, 1, 1, 2, 0]"
"[162, 237, 252, 133, 186]","[2, 3, 0, 3, 1, 1, 0, 2, 1, 3, 3, 3, 1, 1, 0, 0, 1, 0, 0, 2, 2, 1, 1, 2, 0, 0, 0, 3, 2, 1]"
[5],"[1, 0, 3, 0, 1, 3, 0, 0, 0, 3, 2, 2, 1, 1, 1, 1, 0, 3, 0, 3, 0, 1, 2, 3, 3, 0, 3, 3, 0, 0]"
"[0, 253, 5, 3, 143]","[1, 3, 2, 1, 3, 2, 0, 3, 2, 3, 2, 3, 3, 1, 3, 2, 2, 2, 0, 1, 2, 1, 0, 3, 3, 2, 2, 0, 3, 2]"
"[145, 71, 138]","[2, 0, 3, 3, 3, 0, 1, 3, 1, 3, 1, 2, 3, 1, 0, 1, 1, 2, 0, 0, 2, 3, 2, 1, 0, 0, 0, 1, 0, 2]"
"[7, 235]","[3, 2, 2, 2, 0, 1, 3, 0, 2, 1, 3, 1, 2, 0, 3, 0, 2, 0, 1, 0, 3, 1, 3, 2, 1, 0, 2, 2, 3, 1]"
"[9, 211, 34, 13]","[3, 1, 0, 0, 0, 1, 0, 3, 2, 3, 2, 0, 3, 1, 3, 1, 3, 1, 3, 2, 0, 0, 3, 0, 1, 3, 2, 0, 3, 1]"
[19],"[1, 3, 3, 0, 1, 0, 3, 1, 0, 2, 0, 3, 0, 3, 2, 0, 0, 2, 2, 1, 0, 3, 3, 0, 1, 1, 1, 3, 1, 1]"
[13],"[3, 1, 0, 2, 1, 3, 1, 3, 3, 0, 1, 2, 3, 3, 2, 2, 0, 3, 2, 1, 3, 3, 1, 1, 0, 0, 3, 0, 3, 2]"
[39],"[1, 2, 1, 0, 0, 1, 0, 3, 3, 1, 2, 2, 1, 2, 1, 3, 1, 3, 1, 0, 0, 0, 3, 0, 2, 0, 2, 0, 2, 1]"
"[121, 70]","[0, 1, 3, 0, 0, 1, 0, 1, 2, 2, 3, 3, 3, 1, 3, 2, 2, 3, 1, 3, 3, 0, 3, 0, 1, 2, 2, 0, 2, 0]"
[271],"[2, 1, 1, 2, 2, 3, 3, 0, 2, 2, 1, 1, 3, 3, 3, 0, 3, 0, 0, 0, 1, 3, 2, 2, 3, 2, 1, 2, 0, 2]"
"[244, 50, 43, 158]","[0, 0, 2, 1, 3, 2, 0, 3, 2, 3, 3, 2, 3, 2, 2, 3, 2, 3, 0, 1, 3, 1, 0, 2, 1, 0, 2, 3, 2, 0]"
"[101, 125, 42, 112, 190]","[1, 0, 3, 3, 1, 3, 0, 0, 2, 3, 2, 2, 0, 1, 2, 1, 0, 3, 0, 1, 1, 0, 2, 3, 3, 0, 2, 1, 0, 0]"
[265],"[3, 3, 0, 3, 1, 1, 2, 2, 1, 2, 0, 2, 1, 3, 1, 2, 3, 0, 1, 2, 3, 1, 3, 1, 1, 2, 1, 3, 0, 2]"
"[40, 249, 177, 25, 151]","[2, 3, 2, 1, 3, 0, 0, 0, 2, 3, 1, 1, 3, 2, 2, 0, 0, 3, 2, 2, 2, 2, 3, 0, 0, 3, 1, 2, 2, 0]"
"[39, 54, 103]","[3, 1, 3, 3, 2, 1, 2, 1, 3, 2, 0, 2, 1, 3, 2, 2, 3, 3, 3, 0, 0, 0, 0, 0, 3, 2, 1, 3, 0, 3]"
"[173, 80, 236]","[2, 2, 0, 2, 3, 2, 0, 2, 3, 3, 2, 2, 1, 2, 1, 0, 2, 3, 0, 2, 1, 1, 1, 2, 2, 0, 1, 2, 1, 0]"
[107],"[3, 2, 1, 2, 0, 1, 2, 2, 1, 0, 1, 2, 1, 3, 1, 3, 3, 3, 1, 0, 3, 0, 1, 0, 2, 1, 1, 3, 3, 2]"
"[100, 173]","[3, 3, 2, 3, 2, 2, 2, 0, 1, 3, 2, 3, 1, 0, 3, 2, 1, 0, 0, 1, 2, 2, 0, 2, 3, 0, 3, 1, 0, 1]"
"[37, 162, 14, 29]","[1, 1, 1, 3, 1, 2, 0, 2, 1, 3, 2, 2, 1, 3, 3, 0, 3, 0, 2, 3, 2, 0, 1, 0, 1, 2, 0, 3, 1, 3]"
"[202, 173, 260, 64, 67]","[1, 0, 0, 3, 1, 2, 0, 3, 3, 0, 1, 1, 3, 3, 3, 0, 3, 3, 1, 1, 0, 0, 1, 0, 0, 3, 2, 2, 3, 0]"
"[5, 246]","[1, 0, 3, 0, 1, 3, 1, 0, 0, 2, 2, 2, 3, 1, 0, 1, 1, 0, 0, 3, 1, 2, 1, 0, 2, 2, 1, 3, 2, 3]"
[119],"[3, 3, 2, 2, 3, 1, 2, 0, 1, 2, 2, 1, 1, 1, 3, 0, 3, 0, 0, 2, 2, 2, 0, 0, 1, 2, 0, 3, 0, 2]"
"[23, 61, 27, 113]","[0, 1, 3, 3, 2, 1, 1, 1, 0, 0, 3, 1, 2, 3, 3, 0, 1, 3, 3, 1, 1, 2, 1, 1, 0, 3, 3, 3, 3, 0]"
[30],"[2, 0, 1, 0, 1, 2, 0, 0, 1, 2, 1, 3, 3, 0, 3, 3, 2, 0, 0, 3, 1, 2, 2, 0, 1, 1, 0, 1, 2, 0]"
"[17, 52, 110]","[0, 0, 0, 1, 1, 2, 0, 0, 2, 0, 1, 0, 3, 3, 0, 3, 3, 2, 0, 2, 0, 3, 3, 2, 1, 1, 2, 3, 2, 0]"
"[258, 131, 45, 33, 12]","[1, 0, 0, 2, 0, 1, 3, 0, 1, 3, 3, 2, 2, 3, 1, 3, 0, 0, 1, 3, 3, 3, 1, 2, 1, 2, 0, 3, 3, 0]"
"[35, 15, 127]","[3, 0, 3, 0, 0, 0, 0, 0, 2, 3, 1, 3, 3, 1, 3, 3, 0, 3, 1, 3, 2, 1, 2, 1, 2, 1, 1, 3, 1, 2]"
"[5, 119, 275, 148]","[1, 0, 3, 1, 0, 3, 0, 0, 0, 2, 2, 1, 2, 0, 1, 1, 0, 2, 3, 1, 1, 1, 2, 2, 3, 3, 3, 3, 2, 3]"
[205],"[0, 3, 0, 3, 2, 2, 3, 2, 1, 0, 0, 1, 3, 3, 2, 0, 1, 1, 3, 0, 3, 0, 2, 2, 2, 3, 3, 1, 0, 2]"
"[0, 75, 128, 197]","[1, 0, 1, 3, 3, 1, 1, 2, 2, 3, 2, 2, 0, 0, 3, 0, 1, 3, 2, 1, 0, 0, 3, 2, 2, 2, 2, 2, 3, 3]"
"[156, 162, 13, 299, 200]","[2, 3, 3, 2, 1, 3, 1, 3, 3, 0, 0, 1, 3, 3, 2, 2, 2, 2, 2, 1, 1, 3, 3, 3, 2, 1, 3, 0, 2, 1]"
"[64, 207, 222, 289]","[0, 1, 3, 3, 0, 1, 1, 1, 0, 0, 3, 1, 2, 3, 3, 0, 1, 3, 3, 3, 2, 1, 1, 1, 0, 3, 0, 3, 3, 0]"
"[209, 66, 93, 134, 53]","[0, 0, 3, 3, 3, 0, 0, 0, 0, 0, 1, 0, 0, 3, 0, 1, 0, 2, 0, 1, 1, 3, 3, 3, 3, 1, 2, 1, 2, 1]"
[206],"[2, 2, 3, 1, 0, 2, 2, 3, 3, 2, 3, 2, 2, 0, 3, 3, 2, 2, 0, 1, 0, 1, 2, 0, 3, 2, 2, 0, 0, 2]"
"[102, 256, 3, 178, 78]","[3, 0, 0, 0, 0, 2, 1, 3, 1, 1, 1, 2, 3, 2, 1, 0, 3, 0, 2, 2, 1, 1, 0, 3, 2, 2, 0, 3, 2, 2]"
"[150, 147, 260, 187, 175]","[2, 2, 2, 3, 1, 2, 2, 0, 1, 2, 0, 1, 0, 0, 2, 0, 0, 0, 0, 2, 2, 0, 0, 0, 2, 0, 1, 2, 2, 3]"
"[76, 12]","[3, 0, 3, 0, 0, 3, 0, 0, 1, 2, 1, 3, 3, 3, 1, 3, 0, 0, 0, 1, 1, 1, 0, 2, 2, 0, 3, 3, 1, 2]"
"[286, 210, 275, 183]","[0, 3, 2, 2, 1, 3, 2, 0, 2, 2, 1, 1, 0, 1, 0, 1, 0, 2, 3, 1, 2, 0, 1, 1, 0, 1, 2, 3, 1, 2]"
"[57, 230, 140]","[1, 1, 0, 2, 0, 2, 0, 2, 3, 3, 2, 2, 3, 3, 1, 0, 2, 3, 0, 2, 1, 3, 1, 2, 2, 0, 1, 2, 1, 0]"
"[133, 245]","[2, 1, 2, 2, 2, 3, 3, 2, 1, 2, 2, 0, 2, 1, 2, 2, 0, 1, 3, 0, 1, 0, 1, 2, 0, 2, 1, 1, 1, 2]"
[14],"[1, 0, 2, 1, 3, 2, 1, 2, 0, 1, 2, 0, 1, 1, 2, 0, 1, 2, 2, 2, 2, 2, 2, 0, 1, 1, 3, 2, 0, 3]"
"[4, 91, 143, 55, 272]","[2, 3, 2, 1, 1, 3, 0, 0, 2, 3, 1, 1, 3, 2, 1, 2, 0, 2, 1, 0, 0, 2, 0, 1, 1, 3, 0, 3, 1, 0]"
"[12, 230]","[2, 1, 3, 2, 0, 1, 1, 2, 0, 2, 1, 3, 2, 1, 3, 1, 1, 2, 2, 3, 0, 1, 1, 1, 0, 3, 2, 3, 2, 3]"
"[278, 291]","[1, 3, 3, 1, 3, 2, 3, 0, 1, 0, 3, 2, 3, 2, 0, 1, 0, 3, 3, 2, 1, 1, 0, 3, 2, 2, 3, 1, 3, 2]"
[238],"[2, 3, 0, 1, 0, 2, 3, 0, 1, 2, 2, 3, 0, 2, 0, 0, 1, 3, 0, 0, 3, 0, 2, 1, 0, 1, 0, 0, 3, 1]"
"[124, 246, 60]","[1, 1, 1, 1, 1, 2, 0, 2, 3, 1, 2, 1, 2, 3, 3, 0, 3, 0, 2, 3, 2, 0, 1, 2, 1, 2, 0, 3, 1, 3]"
"[274, 39, 38]","[1, 2, 1, 1, 0, 1, 3, 3, 3, 1, 1, 2, 0, 0, 2, 3, 1, 1, 1, 0, 0, 2, 0, 2, 1, 3, 1, 3, 2, 3]"
"[136, 46]","[3, 1, 3, 0, 0, 1, 2, 3, 2, 3, 2, 3, 3, 1, 3, 1, 3, 1, 3, 2, 3, 0, 3, 3, 1, 0, 3, 0, 2, 1]"
"[89, 147, 92, 42]","[3, 1, 1, 0, 0, 2, 2, 0, 2, 3, 1, 2, 1, 2, 1, 1, 0, 1, 0, 0, 3, 3, 3, 3, 1, 0, 3, 3, 0, 1]"
[278],"[2, 3, 0, 1, 0, 0, 0, 1, 2, 3, 3, 1, 1, 1, 3, 0, 2, 1, 1, 0, 1, 3, 0, 1, 0, 0, 0, 3, 1, 0]"
"[90, 16, 69]","[1, 1, 3, 1, 0, 3, 1, 0, 2, 3, 2, 3, 2, 3, 1, 1, 2, 0, 0, 0, 3, 3, 3, 2, 3, 3, 3, 3, 2, 0]"
"[45, 259]","[3, 2, 2, 2, 0, 1, 3, 0, 2, 1, 3, 1, 2, 0, 3, 0, 1, 0, 2, 0, 3, 1, 0, 1, 1, 0, 2, 2, 3, 1]"
[188],"[3, 2, 3, 0, 0, 0, 1, 0, 1, 0, 0, 3, 0, 1, 0, 3, 2, 2, 0, 3, 2, 2, 1, 1, 2, 1, 1, 0, 3, 0]"
"[39, 80]","[2, 2, 1, 2, 0, 2, 0, 0, 3, 3, 2, 2, 1, 3, 1, 3, 1, 3, 0, 2, 3, 0, 0, 1, 0, 0, 1, 2, 1, 0]"
"[36, 79, 12, 116, 102]","[2, 0, 3, 0, 0, 1, 0, 1, 2, 2, 3, 0, 2, 1, 3, 1, 3, 2, 2, 3, 2, 3, 0, 3, 2, 0, 2, 3, 1, 2]"
"[113, 165, 130, 260, 118]","[1, 0, 1, 2, 2, 2, 2, 2, 3, 0, 1, 1, 1, 3, 1, 2, 0, 2, 1, 1, 3, 2, 0, 0, 2, 3, 1, 0, 2, 1]"
"[226, 101, 66, 75]","[3, 0, 3, 1, 3, 2, 2, 0, 2, 2, 3, 2, 3, 3, 3, 2, 1, 2, 3, 2, 0, 3, 0, 0, 1, 2, 2, 1, 0, 0]"
[18],"[0, 0, 2, 3, 1, 0, 2, 3, 2, 1, 3, 1, 3, 1, 1, 3, 3, 0, 0, 0, 3, 1, 1, 3, 1, 1, 3, 1, 2, 1]"
[59],"[3, 0, 1, 3, 2, 2, 2, 0, 0, 1, 2, 3, 1, 2, 3, 3, 1, 2, 0, 3, 2, 2, 0, 2, 3, 0, 2, 1, 0, 1]"
"[53, 98]","[1, 0, 3, 0, 2, 2, 2, 0, 2, 2, 3, 2, 2, 3, 3, 1, 0, 2, 0, 1, 3, 0, 0, 0, 1, 3, 2, 0, 0, 0]"
"[76, 22, 278, 28]","[2, 2, 0, 0, 2, 0, 3, 0, 0, 1, 3, 2, 1, 1, 0, 0, 0, 0, 1, 2, 1, 0, 0, 0, 2, 1, 3, 1, 2, 1]"
"[56, 21, 210, 165, 250]","[3, 1, 1, 3, 2, 1, 0, 1, 0, 1, 2, 2, 2, 0, 3, 2, 3, 3, 1, 0, 2, 0, 2, 1, 3, 3, 2, 2, 0, 1]"
"[33, 47, 264]","[2, 3, 0, 0, 1, 1, 2, 1, 1, 3, 3, 1, 3, 3, 3, 1, 0, 3, 1, 1, 0, 3, 0, 0, 3, 1, 1, 3, 2, 0]"
"[107, 182, 76]","[3, 0, 0, 0, 0, 0, 1, 3, 1, 3, 1, 2, 3, 1, 1, 0, 3, 0, 2, 2, 1, 1, 0, 3, 0, 2, 0, 0, 2, 0]"
"[30, 25, 5, 211, 27]","[0, 2, 3, 1, 0, 1, 1, 0, 1, 2, 3, 3, 3, 3, 2, 3, 1, 2, 3, 0, 2, 3, 2, 0, 3, 1, 2, 1, 3, 3]"
[58],"[2, 2, 1, 2, 0, 1, 3, 2, 1, 0, 3, 3, 1, 3, 1, 3, 3, 3, 2, 0, 2, 3, 1, 0, 2, 1, 1, 3, 3, 2]"
[98],"[3, 0, 2, 0, 2, 2, 2, 3, 2, 0, 3, 2, 3, 3, 3, 2, 1, 2, 3, 2, 0, 3, 0, 2, 1, 2, 2, 1, 1, 3]"
"[286, 28]","[3, 0, 3, 2, 0, 0, 3, 2, 1, 0, 2, 3, 0, 2, 2, 0, 0, 3, 1, 3, 3, 0, 3, 1, 3, 2, 1, 3, 0, 3]"
"[66, 18, 298, 27]","[0, 3, 0, 0, 0, 2, 0, 0, 0, 0, 1, 3, 2, 3, 1, 3, 1, 2, 0, 3, 0, 3, 3, 3, 1, 3, 0, 3, 0, 0]"
"[39, 167, 181]","[2, 2, 1, 1, 1, 1, 0, 3, 3, 1, 0, 3, 3, 0, 1, 3, 1, 3, 1, 0, 1, 0, 0, 0, 2, 0, 2, 0, 1, 3]"
[53],"[2, 0, 3, 3, 1, 0, 0, 0, 3, 3, 2, 0, 0, 1, 2, 1, 0, 3, 2, 1, 2, 2, 3, 3, 3, 0, 0, 1, 0, 0]"
"[97, 2, 1, 64, 40]","[2, 3, 3, 3, 0, 0, 3, 0, 3, 0, 0, 3, 0, 3, 1, 1, 3, 0, 3, 3, 1, 2, 1, 1, 0, 2, 0, 0, 0, 0]"
"[36, 61, 295]","[3, 0, 0, 0, 2, 2, 2, 3, 0, 0, 0, 1, 1, 3, 3, 0, 0, 2, 2, 2, 0, 0, 2, 0, 0, 3, 2, 3, 3, 0]"
"[137, 235]","[0, 2, 0, 3, 3, 1, 0, 3, 3, 1, 2, 2, 0, 0, 3, 1, 1, 2, 3, 2, 0, 3, 1, 3, 2, 0, 1, 1, 2, 0]"
"[158, 110, 264, 40, 263]","[1, 3, 3, 1, 0, 2, 2, 0, 0, 1, 1, 0, 2, 3, 1, 0, 1, 2, 0, 3, 2, 3, 3, 2, 2, 3, 0, 1, 1, 0]"
"[65, 172, 111]","[2, 0, 2, 1, 1, 2, 0, 0, 3, 1, 1, 3, 3, 0, 1, 3, 2, 3, 0, 0, 1, 2, 2, 0, 1, 3, 2, 1, 2, 0]"
[97],"[1, 0, 0, 0, 2, 2, 2, 2, 3, 0, 3, 1, 1, 3, 1, 2, 0, 2, 1, 1, 3, 3, 0, 0, 1, 3, 1, 0, 0, 1]"
"[63, 166]","[3, 3, 2, 2, 3, 1, 2, 0, 0, 2, 2, 1, 3, 2, 3, 0, 3, 0, 0, 2, 3, 2, 0, 2, 1, 2, 0, 0, 0, 2]"
"[3, 159, 211, 76]","[3, 0, 1, 3, 0, 2, 1, 3, 1, 1, 1, 2, 3, 2, 3, 3, 3, 3, 2, 2, 1, 1, 0, 0, 2, 3, 0, 1, 3, 2]"
"[50, 40, 115, 256, 94]","[3, 3, 0, 1, 2, 0, 3, 3, 1, 3, 1, 0, 0, 2, 3, 0, 1, 2, 0, 2, 3, 3, 0, 0, 1, 0, 0, 0, 0, 0]"
"[114, 221, 246, 113]","[0, 1, 0, 3, 0, 2, 3, 0, 0, 0, 0, 1, 1, 3, 3, 1, 0, 2, 3, 2, 1, 0, 1, 0, 0, 2, 2, 3, 3, 0]"
"[43, 10, 161, 251]","[0, 3, 2, 1, 3, 0, 1, 3, 2, 1, 2, 3, 3, 2, 1, 2, 0, 2, 0, 1, 2, 0, 0, 3, 3, 0, 2, 0, 3, 2]"
"[87, 261, 80, 104, 241]","[2, 1, 2, 2, 1, 1, 2, 2, 3, 3, 3, 3, 3, 0, 3, 0, 2, 0, 2, 3, 0, 0, 1, 0, 3, 2, 2, 2, 3, 3]"
[202],"[3, 0, 0, 1, 3, 1, 1, 2, 1, 1, 0, 2, 1, 3, 1, 2, 3, 3, 1, 1, 1, 3, 3, 0, 2, 0, 2, 3, 3, 1]"
[25],"[3, 3, 1, 3, 0, 1, 1, 2, 0, 0, 3, 2, 3, 2, 2, 3, 0, 2, 1, 3, 1, 2, 2, 0, 1, 0, 2, 2, 3, 1]"
[68],"[3, 0, 3, 1, 0, 0, 0, 0, 2, 0, 1, 3, 1, 1, 3, 3, 0, 3, 1, 3, 2, 1, 2, 1, 2, 2, 1, 2, 1, 2]"
"[8, 71, 18]","[0, 0, 1, 3, 3, 0, 0, 3, 3, 1, 3, 1, 3, 0, 2, 3, 2, 3, 3, 1, 1, 0, 1, 1, 2, 1, 3, 2, 1, 3]"
[14],"[3, 2, 3, 3, 3, 2, 1, 2, 0, 3, 2, 0, 1, 1, 2, 2, 1, 2, 2, 3, 2, 2, 0, 0, 2, 1, 3, 2, 0, 3]"
"[97, 41, 85]","[2, 0, 2, 1, 3, 1, 3, 2, 1, 0, 2, 3, 1, 3, 0, 2, 1, 3, 3, 2, 1, 1, 3, 0, 0, 0, 2, 3, 3, 1]"
[14],"[1, 2, 1, 3, 3, 1, 1, 2, 0, 1, 2, 0, 1, 3, 2, 0, 1, 2, 3, 3, 2, 2, 1, 0, 2, 1, 3, 3, 2, 3]"
"[248, 32]","[2, 2, 2, 3, 2, 1, 2, 3, 2, 0, 1, 0, 0, 1, 2, 3, 2, 0, 3, 2, 0, 1, 3, 1, 2, 3, 1, 0, 1, 0]"
"[175, 78, 82, 116, 272]","[1, 0, 3, 1, 0, 2, 1, 2, 0, 1, 1, 0, 1, 3, 2, 3, 2, 2, 0, 1, 1, 1, 3, 2, 0, 3, 3, 1, 0, 1]"
"[74, 149, 83, 121, 294]","[3, 0, 3, 3, 1, 0, 0, 3, 0, 3, 0, 0, 1, 3, 0, 2, 0, 3, 2, 3, 3, 0, 3, 0, 3, 3, 2, 0, 2, 1]"
"[38, 245, 32, 28]","[1, 3, 3, 3, 1, 3, 3, 2, 0, 0, 1, 3, 0, 3, 3, 3, 0, 0, 1, 0, 3, 2, 3, 0, 3, 2, 1, 3, 0, 1]"
"[89, 182, 189, 83]","[3, 3, 0, 0, 2, 3, 3, 3, 2, 3, 1, 1, 3, 2, 0, 2, 2, 1, 3, 0, 0, 0, 3, 3, 1, 1, 3, 0, 2, 0]"
"[115, 25, 176, 33, 54]","[3, 1, 2, 1, 3, 2, 0, 3, 3, 1, 3, 1, 0, 3, 3, 3, 0, 3, 1, 2, 3, 3, 3, 0, 3, 2, 3, 3, 0, 1]"
"[44, 62, 46, 88, 7]","[1, 2, 3, 3, 1, 3, 2, 3, 3, 3, 3, 2, 3, 3, 3, 3, 3, 2, 0, 2, 0, 0, 0, 2, 3, 3, 2, 3, 3, 3]"
"[232, 138, 240, 65, 266]","[1, 0, 3, 1, 3, 1, 2, 0, 1, 2, 1, 1, 3, 3, 3, 3, 0, 2, 0, 2, 3, 2, 0, 0, 1, 2, 1, 3, 3, 3]"
"[35, 177, 128, 148]","[0, 0, 1, 0, 3, 3, 3, 3, 1, 0, 2, 2, 3, 0, 2, 3, 1, 3, 0, 1, 1, 0, 2, 1, 2, 1, 3, 3, 1, 1]"
"[211, 278, 15]","[0, 1, 3, 3, 0, 1, 2, 2, 0, 1, 1, 3, 2, 1, 2, 0, 0, 2, 1, 2, 2, 1, 3, 3, 2, 0, 0, 3, 1, 2]"
"[63, 111, 52]","[1, 0, 3, 2, 3, 1, 3, 0, 1, 0, 0, 3, 1, 0, 3, 0, 1, 0, 1, 2, 3, 0, 0, 3, 1, 0, 2, 0, 0, 0]"
[38],"[1, 1, 0, 1, 0, 3, 3, 1, 0, 3, 3, 0, 0, 0, 1, 1, 2, 3, 2, 0, 1, 2, 0, 3, 1, 0, 1, 2, 2, 1]"
"[29, 298, 272, 130]","[0, 0, 2, 0, 2, 0, 3, 3, 1, 3, 2, 2, 1, 3, 2, 0, 1, 0, 2, 2, 1, 2, 3, 0, 3, 2, 0, 3, 3, 2]"
"[44, 141]","[0, 0, 3, 2, 0, 2, 0, 3, 0, 3, 1, 0, 3, 0, 0, 1, 1, 2, 1, 0, 2, 1, 1, 1, 0, 0, 0, 3, 1, 2]"
[17],"[3, 1, 0, 1, 1, 2, 0, 3, 0, 2, 1, 0, 2, 2, 0, 0, 3, 0, 3, 2, 3, 0, 0, 3, 3, 1, 1, 0, 0, 2]"
"[90, 252, 114]","[3, 0, 2, 0, 2, 2, 3, 0, 2, 0, 3, 1, 1, 3, 1, 1, 0, 2, 3, 2, 0, 0, 2, 0, 0, 0, 2, 3, 0, 0]"
"[140, 231, 21]","[3, 1, 1, 1, 3, 0, 1, 3, 1, 0, 2, 2, 3, 3, 3, 3, 0, 3, 3, 1, 1, 0, 3, 1, 2, 3, 2, 2, 3, 1]"
"[134, 190, 54]","[3, 3, 3, 3, 1, 0, 0, 3, 1, 2, 0, 2, 1, 3, 1, 2, 0, 3, 1, 3, 3, 1, 3, 0, 1, 0, 2, 3, 3, 2]"
"[77, 184, 98, 235]","[2, 0, 0, 1, 3, 2, 2, 0, 2, 2, 2, 1, 3, 0, 1, 2, 3, 0, 3, 2, 3, 3, 0, 0, 1, 2, 2, 2, 2, 1]"
[52],"[0, 1, 3, 1, 3, 2, 2, 3, 2, 3, 3, 2, 2, 2, 2, 3, 2, 3, 0, 0, 3, 1, 0, 2, 1, 3, 2, 3, 2, 0]"
[237],"[0, 0, 1, 1, 3, 1, 2, 1, 2, 1, 2, 0, 0, 3, 3, 1, 3, 1, 1, 2, 2, 0, 1, 3, 1, 3, 0, 3, 0, 0]"
[242],"[1, 1, 0, 2, 1, 2, 3, 3, 0, 3, 3, 1, 0, 0, 2, 0, 3, 3, 0, 3, 0, 2, 1, 3, 2, 0, 3, 1, 1, 2]"
"[78, 34, 265, 130, 106]","[3, 2, 0, 2, 0, 0, 0, 2, 1, 1, 1, 3, 3, 3, 0, 2, 0, 3, 2, 0, 0, 2, 1, 2, 3, 1, 1, 3, 1, 3]"
[124],"[2, 1, 2, 1, 1, 1, 2, 2, 3, 3, 2, 3, 3, 1, 3, 0, 2, 2, 2, 3, 2, 0, 1, 1, 3, 2, 2, 1, 3, 3]"
"[14, 72, 11]","[2, 1, 3, 2, 0, 3, 1, 0, 3, 3, 3, 3, 3, 3, 3, 0, 2, 2, 2, 1, 3, 1, 1, 0, 2, 2, 3, 0, 2, 3]"
[0],"[1, 0, 3, 3, 3, 3, 2, 3, 2, 1, 2, 3, 0, 0, 2, 0, 1, 3, 3, 1, 0, 1, 3, 3, 2, 2, 0, 1, 1, 2]"
"[64, 87, 13, 203, 32]","[3, 1, 0, 3, 1, 0, 2, 1, 0, 3, 3, 2, 0, 1, 2, 3, 1, 0, 2, 3, 0, 0, 1, 1, 3, 2, 0, 1, 3, 1]"
"[26, 120, 7, 146]","[1, 0, 3, 1, 0, 3, 0, 3, 0, 3, 3, 0, 0, 2, 0, 0, 3, 3, 3, 0, 2, 0, 0, 0, 0, 3, 3, 2, 3, 1]"
"[41, 262]","[0, 3, 3, 0, 1, 1, 0, 2, 1, 2, 2, 3, 1, 1, 2, 0, 3, 0, 0, 2, 2, 1, 1, 2, 0, 0, 0, 3, 2, 1]"
"[123, 297]","[0, 3, 0, 1, 3, 0, 3, 0, 2, 3, 2, 3, 0, 2, 1, 3, 0, 0, 0, 1, 1, 0, 0, 3, 3, 0, 2, 0, 1, 2]"
"[60, 249, 237, 70]","[2, 1, 0, 3, 1, 2, 3, 2, 1, 0, 2, 0, 1, 3, 1, 0, 0, 0, 3, 3, 0, 0, 2, 2, 2, 3, 1, 0, 1, 3]"
"[121, 271, 134]","[3, 0, 0, 3, 0, 0, 0, 3, 1, 0, 0, 0, 1, 2, 0, 0, 1, 1, 2, 2, 3, 3, 1, 0, 1, 2, 0, 0, 2, 0]"
"[38, 252, 161, 276]","[0, 1, 0, 1, 2, 2, 3, 3, 2, 0, 0, 0, 0, 0, 1, 3, 1, 0, 0, 2, 0, 2, 0, 3, 3, 0, 2, 3, 2, 1]"
"[9, 170, 209, 83]","[0, 3, 3, 1, 2, 1, 3, 0, 2, 3, 1, 0, 3, 2, 2, 2, 0, 2, 3, 2, 0, 3, 3, 1, 1, 3, 3, 2, 1, 3]"
"[9, 275, 271]","[3, 3, 0, 3, 1, 0, 2, 0, 2, 3, 1, 0, 0, 1, 0, 2, 2, 1, 0, 2, 0, 0, 3, 1, 1, 3, 3, 1, 0, 1]"
[111],"[0, 2, 1, 1, 1, 1, 0, 3, 3, 1, 0, 3, 3, 0, 1, 3, 1, 3, 1, 0, 1, 0, 1, 0, 2, 0, 2, 0, 1, 3]"
"[234, 84]","[2, 1, 3, 2, 0, 1, 3, 2, 0, 2, 1, 3, 2, 0, 2, 2, 1, 2, 2, 3, 0, 1, 1, 1, 0, 1, 1, 2, 2, 3]"
"[36, 111, 69, 58, 283]","[3, 3, 0, 2, 0, 3, 3, 3, 3, 0, 0, 2, 0, 0, 3, 1, 0, 3, 3, 2, 3, 0, 2, 0, 3, 0, 1, 0, 1, 3]"
"[26, 249, 185, 266]","[2, 3, 0, 3, 0, 3, 1, 1, 0, 3, 2, 3, 3, 2, 0, 3, 0, 2, 3, 2, 0, 0, 2, 1, 0, 3, 2, 1, 0, 2]"
"[78, 125, 62, 251]","[0, 0, 3, 1, 3, 0, 1, 0, 0, 1, 2, 0, 0, 1, 2, 3, 0, 3, 1, 2, 1, 1, 0, 2, 2, 2, 1, 3, 2, 3]"
"[252, 148, 60]","[3, 1, 1, 1, 3, 2, 1, 0, 1, 3, 2, 2, 3, 2, 1, 3, 3, 0, 0, 1, 1, 0, 3, 1, 2, 3, 2, 3, 1, 1]"
"[61, 211]","[0, 0, 0, 3, 1, 2, 0, 3, 3, 0, 2, 1, 3, 3, 3, 0, 3, 0, 3, 0, 0, 0, 1, 0, 0, 3, 2, 2, 3, 0]"
[147],"[3, 0, 2, 0, 2, 2, 3, 0, 2, 0, 1, 1, 1, 3, 0, 1, 0, 2, 3, 2, 0, 3, 2, 2, 3, 3, 2, 3, 0, 0]"
"[77, 62]","[1, 0, 2, 0, 2, 2, 2, 0, 0, 0, 2, 2, 1, 1, 3, 3, 1, 2, 1, 2, 1, 1, 0, 0, 2, 0, 2, 2, 2, 0]"
"[257, 202, 29, 146, 163]","[2, 0, 2, 3, 0, 0, 3, 2, 0, 0, 1, 1, 2, 2, 0, 0, 0, 1, 1, 2, 1, 0, 3, 3, 1, 2, 1, 3, 0, 2]"
"[32, 296]","[3, 3, 2, 3, 2, 0, 1, 1, 2, 3, 1, 0, 0, 0, 2, 3, 2, 0, 3, 2, 0, 1, 3, 1, 2, 3, 1, 1, 1, 0]"
"[242, 21, 137, 62]","[3, 1, 3, 0, 3, 1, 1, 0, 0, 0, 1, 2, 3, 2, 3, 3, 2, 3, 1, 0, 3, 1, 3, 0, 2, 2, 1, 3, 3, 3]"
"[201, 163]","[3, 0, 0, 3, 2, 0, 2, 1, 1, 0, 0, 0, 1, 2, 0, 0, 2, 1, 2, 2, 3, 3, 1, 0, 1, 2, 0, 0, 2, 0]"
[77],"[0, 2, 0, 3, 1, 2, 3, 0, 1, 2, 0, 1, 0, 0, 2, 2, 0, 3, 0, 2, 2, 0, 0, 0, 1, 1, 1, 3, 2, 3]"
"[155, 289]","[2, 1, 2, 1, 1, 1, 2, 2, 3, 3, 2, 3, 3, 1, 3, 0, 2, 3, 2, 3, 2, 0, 0, 1, 3, 2, 2, 2, 3, 3]"
"[136, 105, 67]","[1, 3, 0, 2, 0, 2, 2, 3, 2, 3, 3, 1, 3, 3, 1, 0, 0, 1, 3, 3, 3, 0, 3, 3, 1, 2, 0, 3, 2, 0]"
[133],"[1, 0, 3, 1, 0, 0, 1, 2, 3, 1, 1, 0, 1, 3, 2, 3, 2, 2, 0, 1, 1, 3, 3, 0, 0, 3, 3, 1, 0, 1]"
[16],"[2, 2, 1, 0, 2, 3, 0, 0, 1, 3, 1, 3, 1, 3, 2, 2, 0, 0, 1, 2, 1, 0, 3, 2, 2, 1, 2, 2, 2, 0]"
"[45, 107, 84]","[3, 1, 3, 2, 2, 1, 1, 0, 0, 2, 1, 1, 2, 3, 1, 0, 3, 3, 2, 0, 0, 3, 1, 0, 1, 2, 2, 0, 0, 3]"
"[35, 2]","[1, 0, 1, 2, 3, 2, 0, 3, 2, 1, 3, 2, 0, 2, 3, 3, 3, 3, 0, 1, 3, 1, 0, 1, 2, 1, 1, 3, 3, 1]"
[77],"[2, 2, 2, 3, 1, 2, 3, 0, 1, 3, 0, 1, 0, 2, 2, 0, 0, 2, 0, 2, 2, 0, 0, 0, 0, 0, 2, 2, 0, 3]"
"[250, 98, 255, 83, 93]","[2, 2, 2, 1, 0, 1, 2, 0, 0, 1, 1, 2, 2, 0, 2, 3, 1, 1, 3, 0, 0, 3, 0, 1, 1, 3, 0, 3, 3, 0]"
"[44, 89]","[2, 1, 3, 3, 0, 0, 3, 3, 1, 3, 1, 1, 3, 1, 3, 3, 1, 1, 3, 0, 2, 0, 2, 3, 2, 0, 2, 2, 0, 2]"
"[149, 91, 57]","[3, 3, 0, 1, 0, 0, 2, 3, 3, 3, 0, 2, 1, 1, 1, 2, 0, 1, 1, 3, 3, 3, 0, 0, 0, 0, 0, 2, 3, 0]"
"[71, 171]","[2, 0, 3, 1, 3, 0, 1, 2, 0, 3, 2, 2, 1, 1, 3, 1, 0, 1, 0, 3, 1, 1, 3, 2, 2, 2, 1, 2, 3, 1]"
"[28, 271, 243, 154, 103]","[3, 2, 3, 2, 2, 1, 2, 2, 1, 0, 2, 3, 1, 3, 3, 2, 1, 0, 3, 0, 3, 0, 3, 3, 3, 1, 2, 1, 0, 3]"
[92],"[1, 1, 3, 1, 0, 3, 0, 0, 2, 3, 1, 3, 3, 2, 2, 3, 2, 0, 0, 2, 3, 3, 3, 2, 2, 3, 3, 2, 1, 0]"
"[256, 113, 178]","[3, 1, 1, 1, 3, 0, 1, 2, 0, 0, 1, 3, 0, 3, 3, 3, 1, 0, 3, 0, 3, 0, 3, 1, 3, 0, 1, 0, 1, 3]"
"[293, 21, 143, 58]","[3, 3, 1, 2, 0, 2, 3, 1, 2, 3, 1, 2, 3, 0, 1, 3, 1, 3, 1, 0, 0, 1, 2, 1, 0, 0, 1, 2, 2, 2]"
"[11, 99, 162]","[2, 0, 2, 3, 2, 2, 2, 0, 0, 1, 3, 0, 0, 3, 2, 3, 3, 3, 1, 1, 3, 0, 2, 3, 1, 3, 0, 0, 3, 3]"
"[71, 22]","[2, 0, 3, 3, 3, 1, 2, 2, 2, 3, 3, 2, 0, 1, 1, 3, 1, 0, 1, 3, 0, 1, 2, 3, 3, 2, 3, 1, 2, 0]"
"[249, 37, 135, 223]","[2, 3, 3, 1, 3, 1, 3, 1, 0, 0, 3, 2, 0, 1, 3, 3, 1, 0, 3, 0, 3, 2, 3, 0, 2, 2, 3, 3, 2, 1]"
"[39, 286, 136, 198, 108]","[2, 2, 3, 3, 1, 1, 0, 3, 3, 0, 3, 2, 3, 1, 0, 3, 2, 0, 1, 2, 0, 0, 3, 3, 2, 2, 3, 0, 3, 3]"
[72],"[2, 3, 3, 2, 1, 3, 1, 3, 1, 0, 3, 1, 1, 3, 2, 2, 2, 2, 2, 1, 1, 3, 3, 3, 3, 1, 3, 0, 0, 1]"
"[179, 279, 188, 79, 135]","[3, 0, 0, 1, 0, 0, 2, 0, 0, 0, 1, 0, 2, 0, 1, 3, 0, 1, 1, 3, 0, 3, 0, 0, 0, 3, 2, 0, 2, 0]"
"[61, 125, 26, 135, 191]","[2, 3, 3, 3, 3, 0, 3, 2, 1, 0, 2, 1, 3, 3, 1, 3, 3, 3, 1, 0, 0, 3, 1, 3, 3, 0, 0, 0, 3, 3]"
"[158, 248, 256, 22]","[3, 1, 1, 1, 3, 0, 1, 1, 0, 3, 3, 3, 0, 2, 3, 2, 1, 2, 2, 3, 0, 0, 1, 3, 1, 1, 3, 0, 2, 1]"
"[16, 287, 109, 259, 260]","[3, 0, 1, 0, 0, 3, 2, 2, 0, 2, 1, 0, 0, 3, 2, 0, 0, 3, 1, 2, 0, 0, 2, 1, 2, 1, 2, 2, 3, 0]"
[70],"[0, 3, 0, 3, 3, 2, 3, 2, 1, 2, 3, 1, 3, 2, 2, 3, 1, 0, 3, 0, 3, 0, 1, 2, 2, 2, 3, 1, 2, 2]"
"[75, 111, 10, 104, 219]","[0, 3, 1, 2, 1, 2, 2, 3, 3, 3, 3, 3, 1, 3, 1, 3, 0, 1, 1, 0, 0, 1, 2, 0, 1, 2, 1, 3, 3, 3]"
"[96, 57, 228, 212, 201]","[3, 2, 0, 2, 3, 2, 2, 0, 0, 3, 3, 0, 2, 1, 1, 3, 3, 3, 2, 1, 0, 3, 1, 1, 0, 0, 2, 0, 2, 2]"
"[45, 6, 112, 117, 22]","[3, 0, 3, 0, 2, 3, 0, 0, 0, 0, 3, 3, 3, 1, 1, 0, 3, 0, 0, 0, 0, 2, 3, 3, 3, 3, 0, 2, 3, 1]"
[85],"[1, 0, 3, 1, 3, 0, 3, 0, 1, 0, 0, 0, 1, 2, 0, 1, 0, 3, 2, 2, 1, 1, 0, 0, 2, 2, 3, 2, 3, 2]"
"[38, 79, 103, 162]","[0, 1, 0, 1, 1, 2, 3, 0, 1, 0, 2, 0, 3, 0, 3, 0, 3, 0, 1, 0, 2, 2, 2, 3, 2, 3, 1, 0, 2, 3]"
[141],"[0, 1, 2, 3, 0, 2, 2, 2, 0, 1, 1, 3, 0, 1, 0, 0, 0, 3, 2, 2, 2, 0, 2, 3, 2, 0, 1, 3, 1, 2]"
"[207, 29, 169, 51]","[2, 1, 0, 2, 2, 0, 3, 0, 0, 0, 3, 0, 0, 3, 3, 0, 1, 3, 3, 2, 3, 0, 1, 3, 3, 2, 1, 1, 0, 2]"
"[183, 129, 216, 209]","[0, 0, 3, 1, 0, 2, 2, 0, 3, 0, 0, 0, 2, 3, 2, 3, 0, 3, 0, 3, 1, 1, 0, 2, 0, 3, 3, 2, 3, 2]"
"[264, 154, 13, 240, 284]","[2, 2, 3, 2, 1, 0, 0, 2, 1, 0, 1, 3, 1, 3, 2, 2, 0, 2, 2, 0, 1, 2, 1, 3, 3, 1, 1, 3, 1, 1]"
"[34, 197]","[3, 0, 3, 0, 0, 1, 2, 3, 0, 1, 2, 2, 1, 2, 1, 2, 0, 0, 0, 3, 2, 1, 3, 0, 3, 2, 2, 0, 3, 0]"
"[210, 164, 84, 127]","[3, 2, 1, 0, 2, 0, 3, 3, 2, 2, 2, 0, 0, 0, 3, 3, 3, 3, 2, 0, 2, 2, 2, 3, 0, 0, 1, 0, 2, 3]"
"[37, 189, 60, 127]","[1, 1, 3, 3, 0, 2, 1, 0, 1, 3, 0, 3, 3, 1, 0, 3, 3, 3, 1, 2, 0, 0, 0, 0, 1, 3, 2, 3, 2, 2]"
"[1, 261, 82, 211, 155]","[1, 0, 2, 1, 3, 1, 1, 1, 3, 3, 2, 3, 0, 3, 0, 0, 2, 0, 2, 3, 2, 2, 1, 0, 3, 0, 3, 1, 0, 0]"
"[206, 176, 153, 225, 164]","[0, 3, 0, 3, 2, 2, 3, 3, 3, 0, 3, 0, 2, 3, 0, 3, 0, 1, 0, 3, 1, 0, 0, 0, 2, 2, 1, 1, 3, 3]"
"[108, 251, 256, 180]","[2, 0, 3, 1, 2, 2, 1, 0, 2, 0, 1, 2, 0, 2, 2, 2, 0, 3, 1, 2, 2, 3, 1, 0, 1, 1, 2, 2, 1, 3]"
"[122, 76]","[3, 1, 0, 3, 1, 2, 3, 0, 1, 3, 1, 2, 0, 3, 1, 1, 0, 0, 1, 2, 1, 1, 1, 1, 0, 2, 0, 3, 2, 0]"
"[166, 245, 129]","[3, 2, 0, 2, 1, 2, 0, 2, 0, 0, 2, 0, 3, 1, 0, 2, 1, 1, 0, 3, 2, 0, 0, 1, 1, 1, 2, 1, 0, 0]"
"[198, 156, 225]","[2, 3, 0, 0, 0, 0, 1, 0, 0, 3, 3, 3, 0, 3, 3, 0, 2, 2, 3, 3, 3, 2, 0, 0, 2, 2, 3, 0, 2, 1]"
"[204, 132, 212, 41, 77]","[0, 3, 2, 0, 2, 3, 3, 0, 0, 1, 0, 2, 3, 3, 3, 0, 1, 3, 0, 2, 3, 1, 0, 0, 0, 0, 2, 1, 0, 0]"
[288],"[3, 2, 2, 3, 2, 1, 2, 3, 2, 0, 2, 3, 0, 1, 2, 1, 1, 1, 1, 0, 2, 0, 2, 3, 1, 2, 0, 2, 3, 0]"
[181],"[2, 0, 2, 2, 1, 1, 2, 2, 3, 0, 2, 3, 2, 0, 3, 0, 3, 3, 2, 3, 2, 0, 0, 3, 3, 2, 3, 3, 3, 3]"
"[51, 133]","[2, 0, 1, 1, 2, 3, 2, 2, 2, 1, 1, 1, 3, 3, 3, 0, 3, 2, 0, 0, 1, 1, 2, 2, 2, 2, 0, 1, 3, 0]"
[207],"[3, 2, 0, 2, 3, 3, 2, 0, 0, 3, 3, 0, 2, 1, 1, 2, 3, 3, 2, 3, 0, 1, 1, 1, 0, 0, 2, 0, 3, 2]"
"[107, 263, 258]","[2, 2, 1, 1, 0, 3, 3, 2, 1, 2, 3, 3, 0, 3, 1, 3, 3, 0, 0, 0, 2, 3, 2, 0, 2, 1, 1, 3, 3, 2]"
"[84, 38, 68, 221, 153]","[1, 3, 3, 0, 0, 0, 3, 2, 0, 2, 3, 3, 0, 0, 1, 3, 0, 3, 0, 0, 2, 1, 0, 1, 0, 0, 0, 3, 2, 0]"
[148],"[2, 1, 1, 1, 0, 0, 1, 3, 1, 0, 0, 2, 0, 3, 3, 3, 0, 3, 3, 1, 1, 0, 3, 3, 2, 3, 1, 2, 3, 3]"
"[139, 204, 173, 63, 16]","[0, 0, 3, 2, 0, 3, 0, 3, 0, 3, 2, 0, 0, 3, 3, 0, 0, 2, 0, 0, 3, 0, 0, 0, 3, 1, 2, 0, 0, 0]"
"[56, 93]","[3, 1, 0, 2, 2, 1, 2, 1, 1, 2, 2, 2, 2, 0, 3, 1, 1, 3, 2, 0, 0, 1, 3, 0, 3, 0, 2, 2, 3, 1]"
"[9, 168, 88, 187, 165]","[3, 2, 0, 3, 1, 0, 0, 1, 3, 1, 3, 0, 0, 2, 2, 1, 2, 2, 3, 0, 3, 3, 0, 0, 0, 2, 3, 3, 2, 2]"
"[150, 274, 237]","[3, 0, 0, 1, 3, 2, 2, 0, 2, 2, 2, 1, 3, 2, 1, 2, 3, 2, 0, 2, 3, 0, 0, 0, 1, 0, 2, 2, 3, 1]"
"[57, 140, 196, 50]","[2, 2, 0, 0, 3, 3, 3, 3, 2, 0, 3, 3, 3, 3, 3, 3, 1, 3, 1, 1, 1, 2, 0, 3, 2, 3, 3, 0, 3, 1]"
"[162, 152, 41, 127]","[2, 0, 0, 1, 0, 2, 0, 2, 2, 3, 1, 0, 0, 1, 3, 3, 0, 0, 0, 2, 2, 1, 1, 3, 1, 0, 1, 3, 0, 3]"
"[86, 34]","[2, 3, 1, 2, 0, 0, 3, 3, 1, 1, 0, 0, 1, 2, 0, 3, 1, 3, 2, 2, 3, 0, 3, 0, 0, 1, 1, 0, 3, 2]"
[227],"[2, 0, 1, 1, 2, 3, 2, 2, 2, 1, 1, 3, 0, 3, 3, 0, 3, 2, 0, 0, 1, 2, 2, 2, 2, 2, 0, 1, 3, 0]"
[122],"[0, 1, 2, 3, 0, 0, 3, 0, 3, 0, 2, 1, 1, 3, 3, 1, 0, 0, 3, 2, 1, 0, 1, 3, 0, 2, 2, 3, 3, 1]"
"[9, 124, 110, 210, 43]","[0, 0, 1, 3, 3, 1, 3, 3, 3, 0, 1, 3, 3, 3, 3, 3, 1, 2, 0, 2, 0, 3, 0, 0, 1, 2, 3, 3, 3, 3]"
"[178, 153, 298]","[3, 0, 0, 2, 1, 2, 1, 0, 0, 0, 1, 2, 0, 2, 0, 3, 3, 3, 0, 3, 0, 2, 2, 0, 2, 3, 3, 1, 1, 3]"
"[192, 163, 30, 194]","[3, 2, 0, 2, 0, 0, 0, 1, 2, 1, 2, 0, 3, 0, 0, 2, 2, 0, 3, 3, 1, 3, 1, 0, 1, 2, 0, 0, 0, 1]"
"[85, 196, 269, 79, 283]","[0, 0, 3, 3, 1, 3, 2, 0, 2, 0, 1, 2, 3, 3, 2, 3, 0, 3, 1, 1, 3, 0, 1, 3, 2, 3, 3, 3, 0, 2]"
"[135, 81, 222]","[0, 3, 3, 3, 1, 0, 1, 0, 0, 0, 2, 3, 2, 3, 3, 2, 0, 1, 3, 0, 1, 0, 0, 0, 3, 1, 3, 1, 0, 0]"
"[122, 87, 62, 71, 32]","[0, 1, 3, 0, 3, 0, 0, 0, 0, 0, 2, 3, 3, 0, 0, 2, 3, 3, 0, 3, 0, 2, 3, 0, 2, 2, 2, 3, 2, 0]"
"[258, 129, 198, 217, 241]","[0, 2, 1, 1, 1, 1, 1, 1, 0, 0, 3, 0, 0, 1, 3, 2, 1, 3, 0, 0, 0, 3, 3, 1, 1, 3, 3, 2, 3, 1]"
"[132, 203, 176, 253, 150]","[2, 2, 0, 3, 0, 2, 0, 1, 0, 2, 3, 0, 0, 3, 3, 0, 0, 3, 1, 3, 0, 2, 2, 1, 1, 2, 2, 0, 2, 2]"
"[55, 189, 237, 155]","[2, 0, 0, 3, 0, 2, 0, 3, 3, 3, 1, 3, 3, 1, 3, 1, 0, 3, 3, 3, 2, 2, 2, 0, 0, 3, 1, 3, 3, 0]"
"[18, 103, 188, 277, 214]","[3, 2, 3, 3, 0, 0, 2, 3, 0, 2, 1, 1, 3, 3, 3, 3, 3, 0, 0, 2, 0, 3, 3, 3, 3, 3, 0, 3, 3, 2]"
"[171, 123, 35, 94, 175]","[0, 3, 1, 3, 3, 3, 0, 0, 2, 2, 3, 0, 3, 1, 3, 0, 3, 3, 0, 3, 2, 1, 0, 3, 3, 2, 2, 0, 2, 3]"
[164],"[0, 1, 0, 1, 2, 2, 3, 0, 0, 0, 0, 0, 0, 0, 1, 3, 1, 2, 0, 3, 0, 2, 2, 3, 1, 0, 2, 3, 2, 1]"
"[248, 43, 39, 138, 291]","[1, 2, 3, 0, 0, 3, 0, 0, 0, 1, 3, 0, 0, 3, 2, 1, 0, 2, 0, 0, 2, 2, 0, 0, 1, 0, 2, 3, 3, 2]"
"[144, 125, 72, 294]","[0, 0, 0, 3, 2, 0, 2, 3, 1, 3, 0, 3, 3, 3, 1, 0, 3, 0, 2, 1, 1, 2, 3, 1, 2, 0, 0, 0, 0, 0]"
"[35, 188, 186, 290]","[1, 2, 1, 2, 0, 3, 2, 0, 2, 0, 1, 2, 2, 2, 2, 3, 3, 3, 3, 0, 3, 0, 0, 2, 2, 3, 0, 3, 3, 0]"
"[121, 220, 194, 188]","[3, 3, 0, 1, 3, 1, 1, 0, 2, 2, 0, 0, 2, 0, 3, 3, 0, 3, 0, 3, 3, 3, 0, 1, 3, 1, 0, 2, 3, 0]"
[176],"[2, 2, 2, 3, 0, 0, 3, 2, 0, 3, 1, 1, 2, 2, 0, 0, 0, 1, 1, 2, 1, 0, 3, 3, 3, 2, 2, 3, 0, 1]"
"[229, 247, 67]","[0, 2, 1, 0, 0, 1, 1, 0, 1, 0, 3, 0, 0, 1, 0, 2, 0, 3, 0, 0, 3, 3, 3, 0, 1, 1, 1, 3, 3, 2]"
"[204, 93]","[3, 0, 1, 0, 0, 1, 2, 0, 2, 2, 1, 0, 2, 3, 3, 0, 1, 3, 2, 0, 3, 0, 2, 1, 1, 1, 3, 2, 3, 1]"
"[61, 4, 204, 273]","[1, 3, 0, 0, 0, 3, 2, 3, 3, 3, 1, 1, 0, 0, 1, 2, 0, 3, 1, 2, 0, 1, 3, 0, 0, 3, 2, 1, 2, 0]"
"[24, 78, 201, 124]","[2, 0, 0, 0, 2, 3, 2, 2, 1, 2, 3, 0, 2, 0, 3, 0, 1, 3, 0, 1, 3, 0, 2, 0, 0, 0, 2, 2, 1, 3]"
"[160, 86]","[0, 1, 3, 1, 2, 1, 3, 2, 1, 1, 3, 3, 2, 2, 2, 0, 1, 0, 0, 0, 2, 1, 1, 1, 0, 0, 0, 0, 3, 1]"
[169],"[3, 3, 3, 2, 0, 0, 3, 3, 3, 0, 0, 2, 0, 0, 3, 1, 0, 3, 3, 1, 3, 0, 2, 3, 3, 0, 1, 1, 1, 3]"
"[116, 192]","[1, 3, 3, 1, 2, 2, 2, 0, 0, 1, 1, 3, 1, 3, 3, 2, 2, 1, 3, 0, 2, 0, 3, 3, 2, 3, 0, 3, 1, 3]"
"[154, 54]","[3, 2, 0, 3, 2, 0, 0, 2, 1, 1, 0, 3, 3, 3, 1, 2, 3, 0, 1, 2, 3, 1, 1, 1, 1, 2, 1, 0, 1, 2]"
"[10, 139, 170]","[0, 3, 0, 3, 0, 1, 3, 3, 2, 3, 2, 3, 3, 0, 0, 0, 0, 2, 3, 1, 3, 2, 2, 3, 3, 0, 3, 3, 3, 3]"
"[125, 58, 80, 54]","[3, 1, 0, 3, 0, 0, 2, 2, 1, 0, 0, 2, 2, 3, 2, 3, 1, 0, 1, 2, 3, 3, 1, 1, 2, 2, 1, 0, 0, 2]"
[27],"[0, 0, 3, 0, 0, 1, 1, 2, 1, 3, 3, 2, 0, 1, 2, 0, 0, 1, 2, 2, 0, 2, 3, 1, 3, 3, 0, 3, 0, 0]"
"[183, 149, 144]","[0, 3, 3, 3, 0, 0, 0, 2, 1, 3, 0, 3, 1, 3, 2, 0, 2, 0, 0, 1, 1, 1, 3, 0, 3, 3, 2, 3, 0, 2]"
"[23, 283, 210]","[2, 1, 3, 1, 1, 2, 0, 1, 1, 0, 2, 2, 3, 0, 3, 0, 3, 2, 0, 3, 1, 2, 0, 2, 0, 3, 1, 0, 2, 3]"
"[51, 163, 25, 174]","[3, 2, 0, 2, 0, 0, 0, 3, 0, 2, 1, 0, 1, 2, 3, 3, 3, 1, 1, 0, 3, 1, 1, 0, 1, 2, 2, 0, 0, 0]"
"[133, 144, 84]","[2, 0, 3, 2, 2, 0, 1, 2, 1, 3, 1, 3, 1, 3, 2, 2, 3, 0, 2, 3, 0, 2, 3, 2, 3, 3, 0, 1, 0, 1]"
"[260, 155, 89, 18, 32]","[3, 3, 2, 3, 0, 0, 2, 1, 3, 3, 1, 0, 0, 1, 1, 3, 3, 3, 3, 3, 3, 0, 1, 0, 3, 0, 2, 0, 3, 0]"
"[235, 189]","[3, 1, 0, 1, 0, 1, 2, 1, 1, 2, 2, 1, 3, 2, 1, 0, 1, 1, 3, 0, 2, 0, 2, 0, 1, 0, 2, 3, 0, 2]"
"[22, 69]","[1, 2, 3, 1, 0, 0, 0, 0, 3, 0, 2, 1, 2, 1, 1, 0, 0, 2, 3, 3, 2, 1, 2, 3, 3, 3, 3, 0, 2, 0]"
"[164, 152, 173, 168, 97]","[0, 0, 3, 1, 0, 2, 0, 3, 3, 0, 0, 0, 3, 0, 3, 0, 0, 2, 0, 0, 2, 2, 2, 3, 3, 0, 2, 3, 3, 0]"
"[22, 250, 230]","[1, 3, 1, 3, 0, 0, 1, 3, 2, 2, 0, 3, 3, 0, 3, 0, 3, 0, 1, 3, 2, 3, 0, 3, 3, 3, 3, 2, 3, 0]"
[299],"[1, 2, 0, 1, 0, 0, 3, 0, 0, 2, 3, 3, 1, 2, 1, 0, 0, 2, 1, 2, 2, 1, 2, 1, 1, 1, 1, 0, 0, 3]"
"[50, 248]","[2, 0, 0, 0, 1, 2, 0, 1, 2, 2, 3, 0, 0, 1, 3, 2, 2, 3, 1, 3, 3, 0, 3, 2, 1, 2, 2, 0, 2, 0]"
"[150, 177, 129]","[3, 0, 0, 3, 2, 0, 2, 2, 2, 2, 1, 1, 0, 1, 1, 2, 2, 2, 2, 3, 3, 1, 3, 0, 2, 1, 1, 2, 2, 1]"
"[248, 82, 270, 240, 236]","[0, 2, 0, 3, 0, 3, 3, 3, 0, 2, 3, 0, 3, 1, 3, 3, 3, 3, 0, 3, 2, 0, 0, 3, 0, 1, 3, 3, 1, 1]"
"[177, 141, 287]","[0, 1, 0, 2, 0, 0, 2, 2, 2, 2, 1, 3, 0, 2, 3, 2, 0, 0, 3, 2, 0, 1, 3, 3, 2, 1, 3, 3, 1, 1]"
[169],"[3, 3, 0, 2, 2, 3, 3, 3, 3, 0, 0, 2, 0, 3, 3, 1, 0, 3, 3, 3, 3, 0, 2, 0, 3, 0, 1, 0, 1, 3]"
"[7, 214, 204, 196]","[2, 0, 1, 3, 2, 3, 0, 2, 3, 1, 1, 1, 2, 3, 3, 0, 3, 0, 2, 0, 0, 2, 3, 0, 3, 0, 0, 0, 3, 0]"
"[33, 295, 1, 173, 261]","[2, 1, 0, 3, 0, 3, 0, 3, 3, 0, 0, 3, 0, 3, 2, 1, 0, 0, 0, 3, 1, 3, 0, 0, 3, 3, 2, 1, 0, 0]"
"[19, 109, 79, 27, 299]","[3, 0, 3, 0, 2, 0, 0, 0, 2, 0, 3, 3, 1, 1, 0, 1, 2, 0, 3, 3, 0, 3, 3, 0, 2, 3, 0, 3, 0, 2]"
[204],"[3, 3, 3, 0, 1, 3, 2, 2, 0, 2, 1, 0, 0, 3, 2, 3, 0, 3, 1, 2, 0, 0, 2, 1, 2, 1, 2, 1, 3, 0]"
[225],"[3, 2, 2, 2, 3, 1, 2, 3, 2, 0, 2, 2, 0, 1, 2, 1, 1, 1, 1, 0, 2, 0, 1, 1, 0, 2, 1, 2, 3, 2]"
"[181, 73, 49]","[0, 1, 1, 3, 0, 1, 0, 1, 0, 2, 2, 1, 1, 1, 3, 2, 1, 3, 1, 0, 3, 1, 0, 0, 0, 0, 0, 3, 2, 3]"
"[255, 47, 296]","[1, 3, 3, 3, 0, 3, 3, 0, 2, 0, 0, 2, 2, 3, 2, 3, 3, 0, 0, 1, 0, 0, 0, 2, 2, 1, 1, 0, 1, 0]"
"[140, 173]","[0, 1, 1, 0, 0, 2, 0, 2, 2, 0, 2, 2, 0, 0, 2, 0, 1, 3, 2, 1, 1, 0, 1, 1, 0, 3, 3, 3, 3, 1]"
[21],"[1, 1, 1, 1, 0, 1, 0, 3, 2, 0, 1, 2, 3, 0, 3, 2, 1, 1, 3, 3, 1, 2, 0, 1, 3, 3, 2, 2, 3, 2]"
"[195, 28, 205]","[0, 0, 3, 2, 3, 2, 3, 1, 0, 0, 1, 3, 3, 0, 2, 3, 3, 0, 1, 0, 0, 1, 3, 3, 3, 2, 1, 1, 0, 2]"
"[134, 19, 254]","[0, 2, 0, 3, 1, 0, 0, 2, 1, 3, 3, 2, 0, 3, 2, 1, 0, 0, 0, 0, 3, 0, 3, 1, 1, 3, 2, 0, 2, 2]"
"[114, 285, 4, 66, 21]","[3, 3, 2, 0, 0, 2, 2, 3, 0, 1, 0, 0, 3, 0, 3, 0, 3, 1, 2, 3, 1, 3, 0, 0, 3, 1, 2, 3, 3, 1]"
[290],"[1, 3, 3, 3, 0, 3, 3, 0, 2, 1, 0, 3, 2, 3, 2, 3, 3, 0, 0, 1, 0, 0, 0, 3, 2, 1, 1, 0, 2, 3]"
"[51, 208]","[2, 1, 3, 1, 2, 3, 0, 1, 3, 2, 2, 1, 3, 1, 3, 0, 3, 0, 0, 0, 1, 3, 2, 3, 3, 3, 2, 2, 3, 3]"
[242],"[3, 0, 1, 2, 1, 0, 3, 1, 0, 0, 3, 2, 2, 3, 1, 3, 2, 0, 3, 3, 1, 3, 2, 0, 2, 3, 3, 1, 1, 3]"
"[278, 286, 170, 94, 150]","[2, 1, 0, 0, 0, 0, 1, 1, 0, 3, 0, 1, 0, 0, 1, 3, 1, 0, 3, 2, 0, 3, 0, 0, 2, 1, 2, 0, 0, 0]"
